"id","bucket"
1,"a"
2,"b"
3,"c"
4,"d"
5,"a"
6,"b"
7,"c"
8,"d"
9,"a"
10,"b"
11,"c"
12,"d"
13,"a"
14,"b"
15,"c"
16,"d"
17,"a"
18,"b"
19,"c"
20,"d"
21,"a"
22,"b"
23,"c"
24,"d"
25,"a"
26,"b"
27,"c"
28,"d"
29,"a"
30,"b"
31,"c"
32,"d"
33,"a"
34,"b"
35,"c"
36,"d"
37,"a"
38,"b"
39,"c"
40,"d"
41,"a"
42,"b"
43,"c"
44,"d"
45,"a"
46,"b"
47,"c"
48,"d"
49,"a"
50,"b"
51,"c"
52,"d"
53,"a"
54,"b"
55,"c"
56,"d"
57,"a"
58,"b"
59,"c"
60,"d"
61,"a"
62,"b"
63,"c"
64,"d"
65,"a"
66,"b"
67,"c"
68,"d"
69,"a"
70,"b"
71,"c"
72,"d"
73,"a"
74,"b"
75,"c"
76,"d"
77,"a"
78,"b"
79,"c"
80,"d"
81,"a"
82,"b"
83,"c"
84,"d"
85,"a"
86,"b"
87,"c"
88,"d"
89,"a"
90,"b"
91,"c"
92,"d"
93,"a"
94,"b"
95,"c"
96,"d"
97,"a"
98,"b"
99,"c"
100,"d"
